{
  "Total" : {
    "transaction" : "Total",
    "sampleCount" : 50,
    "errorCount" : 49,
    "errorPct" : 98.0,
    "meanResTime" : 1435.36,
    "medianResTime" : 1415.0,
    "minResTime" : 751.0,
    "maxResTime" : 2057.0,
    "pct1ResTime" : 1869.9,
    "pct2ResTime" : 1998.35,
    "pct3ResTime" : 2057.0,
    "throughput" : 19.105846388995033,
    "receivedKBytesPerSec" : 2069.218018604318,
    "sentKBytesPerSec" : 5.466809562476118
  },
  "POST /api/v1/orders/place/" : {
    "transaction" : "POST /api/v1/orders/place/",
    "sampleCount" : 50,
    "errorCount" : 49,
    "errorPct" : 98.0,
    "meanResTime" : 1435.36,
    "medianResTime" : 1415.0,
    "minResTime" : 751.0,
    "maxResTime" : 2057.0,
    "pct1ResTime" : 1869.9,
    "pct2ResTime" : 1998.35,
    "pct3ResTime" : 2057.0,
    "throughput" : 19.105846388995033,
    "receivedKBytesPerSec" : 2069.218018604318,
    "sentKBytesPerSec" : 5.466809562476118
  }
}